date,avg_open,avg_high,avg_low,avg_close,total_volume,num_stocks_traded
2017-01-01,70.90057768717357,71.84604414147461,69.89543655541183,70.83498104365475,4933036381.0,498
2017-01-02,70.90057768717357,71.84604414147461,69.89543655541183,70.83498104365475,4933036381.0,498
2017-01-03,70.90057768717357,71.84604414147461,69.89543655541183,70.83498104365475,4933036381.0,498
2017-01-04,71.1056045892222,72.28903995928398,70.49283325890482,71.50505307400562,4604236730.0,498
2017-01-05,71.48654689601483,72.42486745837381,70.57863680371396,71.44298476244073,4380109190.0,498
2017-01-06,71.55022600261496,72.52898172215741,70.81216588422818,71.65656891022341,4079881155.0,498
2017-01-07,71.72181772326866,72.46658724577458,70.84424055892731,71.44618990191493,4053008526.0,498
2017-01-08,71.72181772326866,72.46658724577458,70.84424055892731,71.44618990191493,4053008526.0,498
2017-01-09,71.72181772326866,72.46658724577458,70.84424055892731,71.44618990191493,4053008526.0,498
2017-01-10,71.5920357373393,72.56136113755312,70.84798089130153,71.60598342916573,4335855925.0,498
2017-01-11,71.71382626975918,72.6534988234708,70.85244637262052,71.76229038391726,3860072480.0,498
2017-01-12,71.69301986532825,72.40899873617434,70.59431541825847,71.65763514204676,3817851621.0,498
2017-01-13,71.83634884922854,72.73072401809792,71.17869643374195,71.83431062832415,3551701873.0,498
2017-01-14,71.79718055955593,72.61195738767947,70.86944942167597,71.60241465444066,4109173349.0,498
2017-01-15,71.79718055955593,72.61195738767947,70.86944942167597,71.60241465444066,4109173349.0,498
2017-01-16,71.79718055955593,72.61195738767947,70.86944942167597,71.60241465444066,4109173349.0,498
2017-01-17,71.79718055955593,72.61195738767947,70.86944942167597,71.60241465444066,4109173349.0,498
2017-01-18,71.80798959107737,72.60057222623848,70.98295317086682,71.83097579776044,3884841044.0,498
2017-01-19,71.95238194627737,72.67393727677836,70.98743519560219,71.57097637174599,4085479705.0,498
2017-01-20,71.90378256303254,72.65345551847186,71.05919540611559,71.75760269883168,4101708356.0,498
2017-01-21,71.73930804904418,72.48502322959372,70.8151159835696,71.56605884349011,3673114076.0,498
2017-01-22,71.73930804904418,72.48502322959372,70.8151159835696,71.56605884349011,3673114076.0,498
2017-01-23,71.73930804904418,72.48502322959372,70.8151159835696,71.56605884349011,3673114076.0,498
2017-01-24,71.83452560315088,72.97498009918188,71.13684016835096,72.16527499827036,3954460369.0,498
2017-01-25,72.59994996995819,73.88042390883749,71.86573292961312,73.01486533999922,4339415630.0,498
2017-01-26,73.14297073440416,74.11125529998235,72.24881331386361,72.97870169011465,4095568470.0,498
2017-01-27,73.10075300749176,73.85865503151808,72.04573911118007,72.91306623158206,3735719269.0,498
2017-01-28,72.80054309536754,73.46452348650091,71.59687792848872,72.58862543919957,3876877782.0,498
2017-01-29,72.80054309536754,73.46452348650091,71.59687792848872,72.58862543919957,3876877782.0,498
2017-01-30,72.80054309536754,73.46452348650091,71.59687792848872,72.58862543919957,3876877782.0,498
2017-01-31,72.57105560791618,73.47507248265421,71.55965258480053,72.56569374948141,4113340262.0,498
2017-02-01,72.85737898359191,73.66410468305766,71.69260272307537,72.49714181174237,4691808403.0,498
2017-02-02,72.44196689410978,73.51829433854928,71.62928284457249,72.64298152636333,4157379689.0,498
2017-02-03,73.04662944614508,74.04205316760039,72.33061280679128,73.21728802301797,4085180530.0,498
2017-02-04,73.21042100669155,73.97124971097949,72.37036799055963,73.08038530100781,3732909187.0,498
2017-02-05,73.21042100669155,73.97124971097949,72.37036799055963,73.08038530100781,3732909187.0,498
2017-02-06,73.21042100669155,73.97124971097949,72.37036799055963,73.08038530100781,3732909187.0,498
2017-02-07,73.30383104074345,74.12382098430568,72.48568545940431,73.15524079521975,4150211212.0,498
2017-02-08,73.14678939813646,74.0651578265781,72.36859143562688,73.31129428756284,3786644013.0,498
2017-02-09,73.47254373055308,74.64404184013489,72.8462084915551,73.84738192022085,4225128770.0,498
2017-02-10,74.09655559461979,75.0009323901038,73.34084578221122,74.22465144917668,4795775811.0,498
2017-02-11,74.53930207092917,75.33590407931038,73.78656961034615,74.50635943451081,4345170275.0,498
2017-02-12,74.53930207092917,75.33590407931038,73.78656961034615,74.50635943451081,4345170275.0,498
2017-02-13,74.53930207092917,75.33590407931038,73.78656961034615,74.50635943451081,4345170275.0,498
2017-02-14,74.47499540571626,75.3231740659101,73.65312244864234,74.56322557332525,4250028004.0,498
2017-02-15,74.5613857552782,75.63862669331604,73.9092370185435,74.93996068129098,3821415050.0,498
2017-02-16,75.02144795312606,75.816019999545,74.06340226366396,74.86463954984903,4019256449.0,498
2017-02-17,74.79623682994458,75.68548574496057,74.00048561936634,74.9868654443557,4052564104.0,498
2017-02-18,75.14146025166666,76.20440906339898,74.4894310996865,75.41149270007888,3946313056.0,498
2017-02-19,75.14146025166666,76.20440906339898,74.4894310996865,75.41149270007888,3946313056.0,498
2017-02-20,75.14146025166666,76.20440906339898,74.4894310996865,75.41149270007888,3946313056.0,498
2017-02-21,75.14146025166666,76.20440906339898,74.4894310996865,75.41149270007888,3946313056.0,498
2017-02-22,75.36799012391825,76.17762946062425,74.62578805664295,75.30272296059084,3617750470.0,498
2017-02-23,75.60855037758019,76.26294248365137,74.4168513139447,75.11906468102252,5083355353.0,498
2017-02-24,75.00064781984891,76.05147679727507,74.28363405638142,75.44594363802408,4372062113.0,498
2017-02-25,75.49434565410598,76.42674557073245,74.7604091410493,75.6728137583139,3919291370.0,498
2017-02-26,75.49434565410598,76.42674557073245,74.7604091410493,75.6728137583139,3919291370.0,498
2017-02-27,75.49434565410598,76.42674557073245,74.7604091410493,75.6728137583139,3919291370.0,498
2017-02-28,75.76189361537536,76.62907971941858,74.8799016553264,75.55741606658721,4342092823.0,498
2017-03-01,76.2390071700167,77.40158104917465,75.4843700729636,76.47619719151034,4441530037.0,498
2017-03-02,76.49188856606612,77.17574271766576,75.47625423831748,75.99608338405808,4064185943.0,498
2017-03-03,76.03985987998944,76.79949380430935,75.24085252534361,76.02267266373079,3972821419.0,498
2017-03-04,75.83954645069801,76.62943953607551,75.06846251468967,75.81183132493352,3987764074.0,498
2017-03-05,75.83954645069801,76.62943953607551,75.06846251468967,75.81183132493352,3987764074.0,498
2017-03-06,75.83954645069801,76.62943953607551,75.06846251468967,75.81183132493352,3987764074.0,498
2017-03-07,75.77681592615693,76.54399504671703,74.98961780373158,75.6024812196632,3641315419.0,498
2017-03-08,75.72730006490252,76.61665400589828,74.93592331171472,75.57323716491102,3761657454.0,498
2017-03-09,75.68384198964371,76.50590966701579,74.81580411610507,75.5099656337715,3499391483.0,498
2017-03-10,75.91805422330141,76.73241190497578,75.07918692674103,75.86719939938511,3615810614.0,498
2017-03-11,76.02805369734888,76.80315297564448,75.29089356389761,76.04152746372912,3735012917.0,498
2017-03-12,76.02805369734888,76.80315297564448,75.29089356389761,76.04152746372912,3735012917.0,498
2017-03-13,76.02805369734888,76.80315297564448,75.29089356389761,76.04152746372912,3735012917.0,498
2017-03-14,75.93043378288397,76.6077058980993,75.0902095781414,75.76260957899821,3326908297.0,498
2017-03-15,76.07112486795678,77.15352854960032,75.33176086504557,76.42453112468183,3989541742.0,498
2017-03-16,76.57728640189815,77.36235784448199,75.65325610503017,76.32982939170546,3598064584.0,498
2017-03-17,76.51567916715649,77.30194483546224,75.69840183056485,76.38149086394942,5710595540.0,498
2017-03-18,76.4881324229227,77.1224889346427,75.61938934287396,76.18507513224361,3740354390.0,498
2017-03-19,76.4881324229227,77.1224889346427,75.61938934287396,76.18507513224361,3740354390.0,498
2017-03-20,76.4881324229227,77.1224889346427,75.61938934287396,76.18507513224361,3740354390.0,498
2017-03-21,76.52027769040691,77.10481226738274,74.83859251671329,75.28284275962646,4947176398.0,498
2017-03-22,75.4024014364938,76.2474104218565,74.51486805776885,75.48093273122626,3929534916.0,498
2017-03-23,75.52855418786618,76.50740468655222,74.84913820725833,75.45242633350404,3630461937.0,498
2017-03-24,75.71775414601345,76.46659937553596,74.81780541296754,75.39959252120022,3565328081.0,498
2017-03-25,74.94511330210892,76.12993477276676,74.20130563087056,75.38361739346301,3632463466.0,498
2017-03-26,74.94511330210892,76.12993477276676,74.20130563087056,75.38361739346301,3632463466.0,498
2017-03-27,74.94511330210892,76.12993477276676,74.20130563087056,75.38361739346301,3632463466.0,498
2017-03-28,75.36373183713329,76.5415513004876,74.72409342591791,75.80095004843899,3636597219.0,498
2017-03-29,75.81564743094927,76.71516276658814,75.16909783764784,75.9267471990432,3316020472.0,498
2017-03-30,75.97177846587049,76.87900264599384,75.30981423078852,76.07577452985159,3545875737.0,498
2017-03-31,76.04668387140468,76.91622656881097,75.42828493028924,76.05155113279581,3603340862.0,498
2017-04-01,76.21952519153815,76.93077999794511,75.10790736351596,75.83834986131355,3880030887.0,498
2017-04-02,76.21952519153815,76.93077999794511,75.10790736351596,75.83834986131355,3880030887.0,498
2017-04-03,76.21952519153815,76.93077999794511,75.10790736351596,75.83834986131355,3880030887.0,498
2017-04-04,75.88162489676472,76.64926080197279,75.11074120234301,75.78780217965443,4302178528.0,498
2017-04-05,76.09978416318816,77.02967111932496,75.13194688376636,75.55162201349036,4116070861.0,498
2017-04-06,75.71562030998307,76.61176741733979,75.01170475562618,75.84756585488836,3752072433.0,498
2017-04-07,75.88789891685364,76.65466720855746,75.19736773058945,75.76738273810192,3340290174.0,498
2017-04-08,75.9103929666443,76.78907113872361,75.27720119459273,75.85785323740488,3566300630.0,498
2017-04-09,75.9103929666443,76.78907113872361,75.27720119459273,75.85785323740488,3566300630.0,498
2017-04-10,75.9103929666443,76.78907113872361,75.27720119459273,75.85785323740488,3566300630.0,498
2017-04-11,75.84908372294264,76.62981518247322,74.9623275643077,75.96050114708254,3672784858.0,498
2017-04-12,76.01679801296272,76.65037129892697,74.99683352867206,75.5131517208245,3561943102.0,498
2017-04-13,75.54106838548853,76.32196617359689,74.73965067983731,75.13105582185538,3523325437.0,498
2017-04-14,75.37623915917358,76.38475010542766,74.84414904768089,75.8360821161883,3255247370.0,498
2017-04-15,75.37623915917358,76.38475010542766,74.84414904768089,75.8360821161883,3255247370.0,498
2017-04-16,75.37623915917358,76.38475010542766,74.84414904768089,75.8360821161883,3255247370.0,498
2017-04-17,75.37623915917358,76.38475010542766,74.84414904768089,75.8360821161883,3255247370.0,498
2017-04-18,75.64214210532599,76.54914597436192,74.88635502915812,75.61628714574867,3383122805.0,498
2017-04-19,75.94960602971071,76.78203114864814,75.14059817206987,75.72413682602496,3517225772.0,498
2017-04-20,75.98478462910485,77.03232047555893,75.07539436788332,76.04533921283891,3726000522.0,498
2017-04-21,76.1077936161881,76.90708180844601,75.32601414741761,75.9583181051844,3558313139.0,498
2017-04-22,76.83674235514381,77.63326967413016,75.93859148573117,76.73140421976527,3793953734.0,498
2017-04-23,76.83674235514381,77.63326967413016,75.93859148573117,76.73140421976527,3793953734.0,498
2017-04-24,76.83674235514381,77.63326967413016,75.93859148573117,76.73140421976527,3793953734.0,498
2017-04-25,77.11177878215135,78.00549770435616,76.28171387749869,77.11313041817232,3919487970.0,498
2017-04-26,77.24681577228316,78.17626376224067,76.41695102526454,77.13429247949975,3870887440.0,498
2017-04-27,77.34716786814329,78.34891737861531,76.44478961742062,77.35532612829323,3708782073.0,498
2017-04-28,77.5405271531656,78.34414652658677,76.46512250360227,77.20294457937341,3983132970.0,498
2017-04-29,77.50941732831627,78.38009908877547,76.58262463944426,77.3483204468187,3610336162.0,498
2017-04-30,77.50941732831627,78.38009908877547,76.58262463944426,77.3483204468187,3610336162.0,498
2017-05-01,77.50941732831627,78.38009908877547,76.58262463944426,77.3483204468187,3610336162.0,498
2017-05-02,77.64467976457908,78.46627048706635,76.67716535902038,77.52549840264531,4371565804.0,498
2017-05-03,77.52146977431546,78.3194394151938,76.51083981873637,77.37304340548305,3868538961.0,498
2017-05-04,77.58728096742948,78.65371052402621,76.69751924655513,77.73996283395223,3678453477.0,498
2017-05-05,78.06148116693049,78.90986539679108,77.24804360031457,78.11652662859385,3313270567.0,498
2017-05-06,78.19921788330346,78.90776233060781,77.30162459744147,77.91155612420845,3460278609.0,498
2017-05-07,78.19921788330346,78.90776233060781,77.30162459744147,77.91155612420845,3460278609.0,498
2017-05-08,78.19921788330346,78.90776233060781,77.30162459744147,77.91155612420845,3460278609.0,498
2017-05-09,78.10595451039894,78.89792335112227,77.31653189333025,77.96901478489718,4010668363.0,498
2017-05-10,77.94485676072713,78.82858245068039,77.11518262830943,77.99197247660304,5196821923.0,498
2017-05-11,77.90227972878921,78.59975078594746,76.93653774400707,77.81693722445323,4983264965.0,498
2017-05-12,77.8530894777119,78.53916263344465,77.07192107458215,77.63402754906191,3990599796.0,498
2017-05-13,77.89529559063867,78.92915961587941,77.3197405507197,78.15047878433901,4224694018.0,498
2017-05-14,77.89529559063867,78.92915961587941,77.3197405507197,78.15047878433901,4224694018.0,498
2017-05-15,77.89529559063867,78.92915961587941,77.3197405507197,78.15047878433901,4224694018.0,498
2017-05-16,78.36821851051452,79.06526625656205,77.4517135253104,78.15055704787075,4297930654.0,498
2017-05-17,78.05478761275258,78.67971250597431,76.47792218915404,76.96853149655354,5328791973.0,498
2017-05-18,77.00236808260304,78.24453494968938,76.21433357823717,77.30953431225205,4751348299.0,498
2017-05-19,77.69055016581996,78.90592203429553,77.00775553560376,77.97671972556286,4457431887.0,498
2017-05-20,78.27241270047486,79.28252140698405,77.5916551237668,78.48557621647555,3896422649.0,498
2017-05-21,78.27241270047486,79.28252140698405,77.5916551237668,78.48557621647555,3896422649.0,498
2017-05-22,78.27241270047486,79.28252140698405,77.5916551237668,78.48557621647555,3896422649.0,498
2017-05-23,78.58935061015218,79.38497835074016,77.55647399254876,78.29863536118503,3654227896.0,498
2017-05-24,78.48744693160003,79.44426407007191,77.74149266003558,78.67773532628055,3752698143.0,498
2017-05-25,78.97618293889282,80.04235121679936,78.27297193393602,79.13797630698805,3759114508.0,498
2017-05-26,79.2105366974341,79.95323435436204,78.44094614157217,79.13144005972697,3572429709.0,498
2017-05-27,79.1166597279375,79.91152291852097,78.33697408105249,79.0295226684057,4009266593.0,498
2017-05-28,79.1166597279375,79.91152291852097,78.33697408105249,79.0295226684057,4009266593.0,498
2017-05-29,79.1166597279375,79.91152291852097,78.33697408105249,79.0295226684057,4009266593.0,498
2017-05-30,79.1166597279375,79.91152291852097,78.33697408105249,79.0295226684057,4009266593.0,498
2017-05-31,79.23014057029744,80.05395884831486,78.30747070023564,79.20796145109766,4846062983.0,498
2017-06-01,79.50670233100394,80.66700451232145,78.7336695372276,79.98884944599796,3879478087.0,498
2017-06-02,80.19951222268747,81.19971960619009,79.43013976641979,80.37417398447013,3836728562.0,498
2017-06-03,80.41864302294805,81.18172815117968,79.61673037724223,80.19908450645616,3820345627.0,498
2017-06-04,80.41864302294805,81.18172815117968,79.61673037724223,80.19908450645616,3820345627.0,498
2017-06-05,80.41864302294805,81.18172815117968,79.61673037724223,80.19908450645616,3820345627.0,498
2017-06-06,80.11142757302231,80.90939677354439,79.28468068395364,79.84339341772608,4026130064.0,498
2017-06-07,80.07445407146119,80.91943931220828,79.25206448106091,80.05143232996684,3891403939.0,498
2017-06-08,80.19393655895357,81.1111470303358,79.21386707953795,80.13719815470607,4539245168.0,498
2017-06-09,80.2849900403254,81.27977718437982,78.90817326297376,79.87462006658915,7905569403.0,498
2017-06-10,79.83248644921503,80.79728630205028,78.61243264059377,79.73882434933061,5918538251.0,498
2017-06-11,79.83248644921503,80.79728630205028,78.61243264059377,79.73882434933061,5918538251.0,498
2017-06-12,79.83248644921503,80.79728630205028,78.61243264059377,79.73882434933061,5918538251.0,498
2017-06-13,80.03279001912348,81.0775464970262,79.34168170895569,80.31320291063393,4914057088.0,498
2017-06-14,80.51023360512622,81.37159372958268,79.44333568921947,80.28111099287209,4435500187.0,498
2017-06-15,79.87772676060958,80.96137473196941,79.07178486577529,80.19123400933293,4312306691.0,498
2017-06-16,80.26361136615037,81.07214623386814,79.26558551936932,80.1617174124622,5583579659.0,498
2017-06-17,80.53285725616459,81.60231873927893,79.80820130283398,80.84789395858964,4031514348.0,498
2017-06-18,80.53285725616459,81.60231873927893,79.80820130283398,80.84789395858964,4031514348.0,498
2017-06-19,80.53285725616459,81.60231873927893,79.80820130283398,80.84789395858964,4031514348.0,498
2017-06-20,80.87144207030502,81.67534642056953,79.87152541158626,80.44782157739003,4424325899.0,498
2017-06-21,80.65998617112274,81.56841822290903,79.66784497127746,80.49828289981826,3970089525.0,498
2017-06-22,80.62745335645329,81.51087535189696,79.72415589465274,80.41946903050663,3612631178.0,498
2017-06-23,80.57239187828802,81.49647475264314,79.69921708572458,80.55087595148737,5340240537.0,498
2017-06-24,80.82265822047329,81.73761373309108,79.99035288307621,80.63630414822973,4125935373.0,498
2017-06-25,80.82265822047329,81.73761373309108,79.99035288307621,80.63630414822973,4125935373.0,498
2017-06-26,80.82265822047329,81.73761373309108,79.99035288307621,80.63630414822973,4125935373.0,498
2017-06-27,80.67357686262147,81.44608923881748,79.5546144154753,79.96932895355914,4317091022.0,498
2017-06-28,80.44791562066584,81.50833426619452,79.69811299669237,80.64797223763294,4236033144.0,498
2017-06-29,80.78711667939876,81.34562165062903,78.93635428912916,79.74679974092537,4700777081.0,498
2017-06-30,80.11867472267906,81.1283159003043,79.27839012323578,80.08209596723917,3987020353.0,498
2017-07-01,80.49034518667649,81.40342060291911,79.4957543860174,80.11866230897635,3106974484.0,498
2017-07-02,80.49034518667649,81.40342060291911,79.4957543860174,80.11866230897635,3106974484.0,498
2017-07-03,80.49034518667649,81.40342060291911,79.4957543860174,80.11866230897635,3106974484.0,498
2017-07-04,80.19227288283045,81.2128617179614,79.33359265928173,80.23993324180205,4388579520.0,498
2017-07-05,80.19227288283045,81.2128617179614,79.33359265928173,80.23993324180205,4388579520.0,498
2017-07-06,80.02822357759834,80.86436449982743,79.0024552478391,79.63109326841362,4193248063.0,498
2017-07-07,79.91273193050624,81.1783058222753,79.312322175722,80.37383279024837,3701829697.0,498
2017-07-08,80.38466764992006,81.36807371636142,79.62635976803544,80.43594380937905,4057623098.0,498
2017-07-09,80.38466764992006,81.36807371636142,79.62635976803544,80.43594380937905,4057623098.0,498
2017-07-10,80.38466764992006,81.36807371636142,79.62635976803544,80.43594380937905,4057623098.0,498
2017-07-11,80.54749754992832,81.29785224386572,79.55374974273478,80.36555551764476,3830839320.0,498
2017-07-12,80.89666478795262,81.8668584242841,80.18161117917538,80.96133744716644,4358117384.0,498
2017-07-13,81.17851521791135,81.92161776276528,80.29681472270194,81.00565111349864,4485324007.0,498
2017-07-14,81.19475041607548,82.1092413200835,80.55061765055932,81.34140551808369,3812261570.0,498
2017-07-15,81.41560721467313,82.23937618182305,80.64741239334268,81.35248723422667,3914381400.0,498
2017-07-16,81.41560721467313,82.23937618182305,80.64741239334268,81.35248723422667,3914381400.0,498
2017-07-17,81.41560721467313,82.23937618182305,80.64741239334268,81.35248723422667,3914381400.0,498
2017-07-18,81.38871080186486,82.21738597716268,80.43872306600606,81.29047457760117,4068350995.0,498
2017-07-19,81.6333378582253,82.57064688354063,80.87331548670895,81.73832648824975,3969697955.0,498
2017-07-20,81.92495446473586,82.72766246582594,80.90032738935747,81.64613696466009,4162949658.0,498
2017-07-21,81.75571861173832,82.94948875960124,81.03247489155419,82.1253380100411,3941105214.0,498
2017-07-22,82.19948519980058,83.04833831360058,81.38150827348183,82.16473940002871,3910205284.0,498
2017-07-23,82.19948519980058,83.04833831360058,81.38150827348183,82.16473940002871,3910205284.0,498
2017-07-24,82.19948519980058,83.04833831360058,81.38150827348183,82.16473940002871,3910205284.0,498
2017-07-25,82.52720871142917,83.38910405293156,81.4382298838359,82.23082580623857,4386522643.0,498
2017-07-26,82.39409215103817,83.30975763050117,81.35378071917822,82.19855433104028,4297572386.0,498
2017-07-27,82.3477260288308,83.2375394360526,80.70484114499389,81.87487176096583,5143206663.0,498
2017-07-28,81.88783849187851,82.90839449300883,80.90547913522481,81.93819162979662,3900937229.0,498
2017-07-29,82.19014061464371,82.99011541965685,81.13967939654742,81.88959886750064,4053660882.0,498
2017-07-30,82.19014061464371,82.99011541965685,81.13967939654742,81.88959886750064,4053660882.0,498
2017-07-31,82.19014061464371,82.99011541965685,81.13967939654742,81.88959886750064,4053660882.0,498
2017-08-01,82.23573210006641,83.08453690601505,81.1624848070365,82.01828526014305,3764590513.0,498
2017-08-02,82.08128103085953,82.98394481481859,80.92563335879127,81.9674800385433,4117911050.0,498
2017-08-03,81.96570989395089,82.99685787632959,80.98561384829618,81.95970840626453,3768411981.0,498
2017-08-04,82.2479741726616,83.03980438417722,81.29830620971084,82.02972996761521,3733106741.0,498
2017-08-05,82.16168328504286,83.02677216923347,81.38645420362886,82.2193288539787,3542981275.0,498
2017-08-06,82.16168328504286,83.02677216923347,81.38645420362886,82.2193288539787,3542981275.0,498
2017-08-07,82.16168328504286,83.02677216923347,81.38645420362886,82.2193288539787,3542981275.0,498
2017-08-08,82.24244876042921,83.24682559740361,81.35798591326798,82.09287074627167,3853194349.0,498
2017-08-09,81.68329508300668,82.67283182097466,80.87246356549981,81.84495855861879,3554291153.0,498
2017-08-10,81.64972870511563,82.30896706636887,80.19352625994735,80.599142358485,4740395789.0,498
2017-08-11,80.75379405916419,81.80285907694538,79.98617640414116,80.82188417585978,4372956326.0,498
2017-08-12,81.41556517638291,82.48408972776684,80.79107282693127,81.64535893158741,4075031153.0,498
2017-08-13,81.41556517638291,82.48408972776684,80.79107282693127,81.64535893158741,4075031153.0,498
2017-08-14,81.41556517638291,82.48408972776684,80.79107282693127,81.64535893158741,4075031153.0,498
2017-08-15,81.77446312684127,82.54879365155185,80.84550849313405,81.5294311640253,3684426615.0,498
2017-08-16,81.84154355269342,82.7166473141459,81.06742207166329,81.81230780254884,3498754962.0,498
2017-08-17,81.75040731528564,82.45937145442997,80.38381377556072,80.69011237152131,3691618930.0,498
2017-08-18,80.64768295658018,81.55773765329636,79.75688070932881,80.43279268128805,3707596687.0,498
2017-08-19,80.52691727765468,81.38254376758205,79.71181589782955,80.57414836098391,3507553136.0,498
2017-08-20,80.52691727765468,81.38254376758205,79.71181589782955,80.57414836098391,3507553136.0,498
2017-08-21,80.52691727765468,81.38254376758205,79.71181589782955,80.57414836098391,3507553136.0,498
2017-08-22,80.8729749613578,82.02604084218359,80.2755814318373,81.30136117398978,3235966921.0,498
2017-08-23,81.09764112056556,81.92448488034788,80.325223828751,80.94873767875764,3384452808.0,498
2017-08-24,81.23683966523255,81.92540220561308,80.24909421103983,80.84006408419475,3460118289.0,498
2017-08-25,81.18959062030397,82.0053743903611,80.36883628941338,80.93699443196675,3160538430.0,498
2017-08-26,81.21276365882439,81.85301303446414,80.21931655904561,80.87051620780225,3135067293.0,498
2017-08-27,81.21276365882439,81.85301303446414,80.21931655904561,80.87051620780225,3135067293.0,498
2017-08-28,81.21276365882439,81.85301303446414,80.21931655904561,80.87051620780225,3135067293.0,498
2017-08-29,80.57097526847627,81.65404011997244,79.86638295044558,80.87440092161478,3058923584.0,498
2017-08-30,80.96413637651672,82.1176538128645,80.38336333796337,81.39196710318447,3163786955.0,498
2017-08-31,81.72149487300501,82.86544142097456,81.0143017230054,82.10969101856033,3901983307.0,498
2017-09-01,82.38763759923259,83.20023025550684,81.55903191650556,82.22222709320636,3190428531.0,498
2017-09-02,82.14890158038499,82.91080610110457,80.9564454591385,81.76042905246398,4012344821.0,498
2017-09-03,82.14890158038499,82.91080610110457,80.9564454591385,81.76042905246398,4012344821.0,498
2017-09-04,82.14890158038499,82.91080610110457,80.9564454591385,81.76042905246398,4012344821.0,498
2017-09-05,82.14890158038499,82.91080610110457,80.9564454591385,81.76042905246398,4012344821.0,498
2017-09-06,82.06054113385038,82.87953250557713,81.0201173937782,81.87933506113458,3585716877.0,498
2017-09-07,82.09453414410493,82.95525436185149,81.05673573475653,81.97754073909009,3555765032.0,498
2017-09-08,81.935001063113,83.18028774656361,81.18032293384434,82.21934170272934,3699836243.0,498
2017-09-09,82.76289740883539,83.90932432757677,81.93620497770897,82.99845644700001,3787456627.0,498
2017-09-10,82.76289740883539,83.90932432757677,81.93620497770897,82.99845644700001,3787456627.0,498
2017-09-11,82.76289740883539,83.90932432757677,81.93620497770897,82.99845644700001,3787456627.0,498
2017-09-12,83.21803711626754,84.11005765560853,82.19582696104186,83.11878196446293,3663663338.0,498
2017-09-13,83.12656513369882,83.89487363342057,82.11732312209679,82.91977320090834,3707956882.0,498
2017-09-14,82.85546305797807,83.70249554229294,81.86625184255271,82.76360838288763,3659401981.0,498
2017-09-15,82.86941754038489,83.75327981230176,81.98972626733092,82.81033759423528,5729532423.0,498
2017-09-16,83.1322048597605,84.06741396569359,82.32888790571437,83.1371411903795,4913132098.0,498
2017-09-17,83.1322048597605,84.06741396569359,82.32888790571437,83.1371411903795,4913132098.0,498
2017-09-18,83.1322048597605,84.06741396569359,82.32888790571437,83.1371411903795,4913132098.0,498
2017-09-19,83.35250819535221,84.21042517801655,82.31365223741219,83.11817741489793,4059393898.0,498
2017-09-20,83.29016734020463,84.22803156483754,82.25462423645163,83.1895599058833,4224893280.0,498
2017-09-21,83.28439276874535,84.06172258681272,82.37538718714733,83.0590049894938,4096227090.0,498
2017-09-22,83.08808106276655,84.11127615987068,82.37379993654419,83.25220378096324,3492900755.0,498
2017-09-23,83.27935058997257,84.10102025170832,82.11035290894053,82.92916113593013,4328758585.0,498
2017-09-24,83.27935058997257,84.10102025170832,82.11035290894053,82.92916113593013,4328758585.0,498
2017-09-25,83.27935058997257,84.10102025170832,82.11035290894053,82.92916113593013,4328758585.0,498
2017-09-26,83.2077618303181,84.05121395010941,82.3332275971815,83.03071919215252,4263351671.0,498
2017-09-27,83.38864334231239,84.31260079651759,82.41035709560396,83.31123358178809,4039217660.0,498
2017-09-28,83.2811061244157,84.28942448794044,82.52191161092453,83.4601293155946,3514240466.0,498
2017-09-29,83.54116399067921,84.62879299017516,82.89113086065657,83.80926060485073,3758057042.0,498
2017-09-30,84.03266905544547,85.08409664494059,83.22984292848105,84.20634739609608,3609134845.0,498
2017-10-01,84.03266905544547,85.08409664494059,83.22984292848105,84.20634739609608,3609134845.0,498
2017-10-02,84.03266905544547,85.08409664494059,83.22984292848105,84.20634739609608,3609134845.0,498
2017-10-03,84.41784671502218,85.31488098372105,83.58950952555469,84.48894618122453,3401647392.0,498
2017-10-04,84.59618142335934,85.63105813135115,83.84208506031854,84.84891135194694,3354478411.0,498
2017-10-05,85.04717367313755,86.02508893955785,84.1962116041356,85.10695057125935,3377945837.0,498
2017-10-06,85.07035831455346,86.00266846365545,84.2904200357859,85.15760979786455,3178350859.0,498
2017-10-07,85.30815145353085,86.03390982108131,84.39709091243489,84.99998063160234,3200577563.0,498
2017-10-08,85.30815145353085,86.03390982108131,84.39709091243489,84.99998063160234,3200577563.0,498
2017-10-09,85.30815145353085,86.03390982108131,84.39709091243489,84.99998063160234,3200577563.0,498
2017-10-10,85.32206071832951,86.0595851618751,84.34826636563136,85.10213083148481,3888059315.0,498
2017-10-11,85.20493850934089,86.02031970807408,84.42510179397556,85.26454435677893,3527244240.0,498
2017-10-12,85.30439348324656,86.32787335468349,84.5552054382828,85.39512170174993,3722601369.0,498
2017-10-13,85.68081060920528,86.51706957490492,84.72208112397142,85.49169499663464,3754134630.0,498
2017-10-14,85.70554290772718,86.49586624756638,84.83924607675443,85.55054628513903,3530519539.0,498
2017-10-15,85.70554290772718,86.49586624756638,84.83924607675443,85.55054628513903,3530519539.0,498
2017-10-16,85.70554290772718,86.49586624756638,84.83924607675443,85.55054628513903,3530519539.0,498
2017-10-17,85.63409730211474,86.52285084825911,84.69199435396135,85.47139342147183,3418256218.0,498
2017-10-18,85.70240839539194,86.579725365675,84.84866465937002,85.5719238256355,3572244651.0,498
2017-10-19,85.6434625705277,86.95116102721708,84.68560758459837,86.13327601396415,3783996558.0,498
2017-10-20,86.60599101259594,87.77532446958772,85.804768123017,86.81216317630675,3666413526.0,498
2017-10-21,87.10737045887399,87.83101649232474,85.9312532918636,86.51988772599094,3576748089.0,498
2017-10-22,87.10737045887399,87.83101649232474,85.9312532918636,86.51988772599094,3576748089.0,498
2017-10-23,87.10737045887399,87.83101649232474,85.9312532918636,86.51988772599094,3576748089.0,498
2017-10-24,86.7768547528084,87.68025433337864,85.7752862975731,86.62649161461367,3779332066.0,498
2017-10-25,86.70619057014993,87.5211171770424,85.3291965535543,86.25499212502476,4933401932.0,498
2017-10-26,86.55462968521212,87.7861298454475,85.42010147889388,86.59651750924597,3978563261.0,498
2017-10-27,86.59331983633425,87.8332347600867,85.51219730062844,86.856125114912,4789004281.0,498
2017-10-28,86.79987418658291,87.77326718076445,85.67868095949507,86.49122715451152,4092759803.0,498
2017-10-29,86.79987418658291,87.77326718076445,85.67868095949507,86.49122715451152,4092759803.0,498
2017-10-30,86.79987418658291,87.77326718076445,85.67868095949507,86.49122715451152,4092759803.0,498
2017-10-31,86.73101473222754,87.97020147843003,85.84147925353017,86.87587664740153,3866061427.0,498
2017-11-01,87.35902906489461,88.20325393048697,86.01412368222276,86.79414451026534,3883463812.0,498
2017-11-02,86.97527438396973,88.2367272286907,85.6283100897533,86.87616107885138,4170763962.0,498
2017-11-03,86.89675214579088,88.07568602484423,85.9456591733756,87.07922111888487,3833706806.0,498
2017-11-04,87.178680451407,88.35824915853198,86.27961915086773,87.28472954824747,3666427511.0,498
2017-11-05,87.178680451407,88.35824915853198,86.27961915086773,87.28472954824747,3666427511.0,498
2017-11-06,87.178680451407,88.35824915853198,86.27961915086773,87.28472954824747,3666427511.0,498
2017-11-07,87.13642374133175,88.05568711427665,85.82889952424497,86.66630148600383,3582447724.0,498
2017-11-08,86.7633302518558,87.92808398542537,85.82143608933211,86.96771621153536,3714125081.0,498
2017-11-09,86.62440170917151,87.83890488513248,85.38142367890082,86.64991116643431,4282331775.0,498
2017-11-10,86.58758524855246,87.54392332937122,85.60684108552086,86.58357836635237,4455739443.0,498
2017-11-11,86.4377218069717,87.6999038943631,85.6869203931431,86.78103322700325,3716408023.0,498
2017-11-12,86.4377218069717,87.6999038943631,85.6869203931431,86.78103322700325,3716408023.0,498
2017-11-13,86.4377218069717,87.6999038943631,85.6869203931431,86.78103322700325,3716408023.0,498
2017-11-14,86.58724540774924,87.75527642017063,85.79373618737974,86.83194211448532,3690881655.0,498
2017-11-15,86.62558376193691,87.5268171052065,85.50781279654427,86.34009219412823,3750486942.0,498
2017-11-16,86.73740635879285,87.93975203491297,85.9726623121614,87.00324337549478,3737926611.0,498
2017-11-17,86.96418197252368,87.99569800448477,86.15272519470294,86.94641658101216,3932390468.0,498
2017-11-18,87.16517445097347,88.18173931721833,86.40095411316989,87.2369129442307,3403417369.0,498
2017-11-19,87.16517445097347,88.18173931721833,86.40095411316989,87.2369129442307,3403417369.0,498
2017-11-20,87.16517445097347,88.18173931721833,86.40095411316989,87.2369129442307,3403417369.0,498
2017-11-21,87.6254249252109,88.70982647439652,86.8740305371702,87.76935954170534,3563921472.0,498
2017-11-22,87.91356608886116,88.7262535699586,87.01288093025721,87.72946763900389,3151111064.0,498
2017-11-23,88.02347002253912,88.73626120765799,87.20827592688202,87.82701702577522,2060910917.0,498
2017-11-24,88.02347002253912,88.73626120765799,87.20827592688202,87.82701702577522,2060910917.0,498
2017-11-25,87.95518996240473,88.89125327734553,87.11850028452099,87.78009633462592,3506527851.0,498
2017-11-26,87.95518996240473,88.89125327734553,87.11850028452099,87.78009633462592,3506527851.0,498
2017-11-27,87.95518996240473,88.89125327734553,87.11850028452099,87.78009633462592,3506527851.0,498
2017-11-28,88.05090547305248,89.29768706927966,87.19725346652723,88.48514459027822,3956606671.0,498
2017-11-29,88.6594082909648,90.0280309523367,87.26579010114384,88.60216975738724,5781060164.0,498
2017-11-30,88.96141266310534,90.41049112398811,88.04930395366797,89.28184735631368,5298442915.0,498
2017-12-01,89.32505646893974,90.2530270824238,87.30092982705337,88.97900362330746,4618115559.0,498
2017-12-02,89.65968314662763,90.87534652093053,87.91596721579756,88.7735007575238,5497138049.0,498
2017-12-03,89.65968314662763,90.87534652093053,87.91596721579756,88.7735007575238,5497138049.0,498
2017-12-04,89.65968314662763,90.87534652093053,87.91596721579756,88.7735007575238,5497138049.0,498
2017-12-05,88.93898794875096,90.01324922589232,87.58825255497926,88.35196123017843,4564845808.0,498
2017-12-06,88.32778454128146,89.40612089405275,87.38338716978876,88.24083954742156,3715880714.0,498
2017-12-07,88.34760684739993,89.58416910514303,87.45677793599812,88.70013578014681,3758696974.0,498
2017-12-08,89.10716727024558,90.07934530020411,88.16190897185214,89.1669265998894,3583123252.0,498
2017-12-09,89.28262923067173,90.1922230559733,88.3474104977391,89.19372168985237,3463954203.0,498
2017-12-10,89.28262923067173,90.1922230559733,88.3474104977391,89.19372168985237,3463954203.0,498
2017-12-11,89.28262923067173,90.1922230559733,88.3474104977391,89.19372168985237,3463954203.0,498
2017-12-12,89.3109948105771,90.21003028494664,88.28092488867497,89.04539219586246,3713401103.0,498
2017-12-13,89.27884612074318,90.32384425603598,88.40086697858285,89.12354697376848,3815831485.0,498
2017-12-14,89.38752179381086,90.27959475124212,88.17936754061465,88.86004181942307,3615344545.0,498
2017-12-15,89.35555345452988,90.58875489097935,88.49347808133543,89.53441373938058,5744436717.0,498
2017-12-16,90.0983845033062,91.14258087072255,89.18106032135381,89.97748346931964,3900093286.0,498
2017-12-17,90.0983845033062,91.14258087072255,89.18106032135381,89.97748346931964,3900093286.0,498
2017-12-18,90.0983845033062,91.14258087072255,89.18106032135381,89.97748346931964,3900093286.0,498
2017-12-19,90.21226465280081,91.01131347668853,89.05970789248036,89.7130674774867,3588705809.0,498
2017-12-20,90.13480652809311,90.94938059484016,89.00119057745749,89.73529774596892,3522644207.0,498
2017-12-21,89.98080179332307,91.0683115702741,89.01793628542374,89.88282564940701,3445716093.0,498
2017-12-22,90.06512505098551,90.82444947644998,89.08289860763144,89.86125181764963,3065180439.0,498
2017-12-23,89.92047720521768,90.80173364674509,89.1952426697174,89.86141946947718,2626839448.0,498
2017-12-24,89.92047720521768,90.80173364674509,89.1952426697174,89.86141946947718,2626839448.0,498
2017-12-25,89.92047720521768,90.80173364674509,89.1952426697174,89.86141946947718,2626839448.0,498
2017-12-26,89.92047720521768,90.80173364674509,89.1952426697174,89.86141946947718,2626839448.0,498
2017-12-27,90.05038138395254,90.83613731493634,89.3172547185356,89.96514003774728,2738158712.0,498
2017-12-28,90.2345011996263,91.02362637291886,89.42238230324791,90.35221236154257,2514379253.0,498
2017-12-29,90.54751883841512,91.23836320811375,89.55531355079802,89.90993580760725,2852416792.0,498
2017-12-30,90.17850687628051,91.5925413966421,89.1082738190664,90.51951792058217,3490522779.0,498
2017-12-31,90.17850687628051,91.5925413966421,89.1082738190664,90.51951792058217,3490522779.0,498
2018-01-01,90.17850687628051,91.5925413966421,89.1082738190664,90.51951792058217,3490522779.0,498
2018-01-02,90.17850687628051,91.5925413966421,89.1082738190664,90.51951792058217,3490522779.0,498
2018-01-03,90.7448273578414,92.17714825508159,89.93497831805418,91.21459256405811,4414042983.0,498
2018-01-04,91.60269623451518,92.66502112335658,90.47872244410965,91.38011967226204,3987795671.0,498
2018-01-05,91.8222954507982,93.06234861508304,90.85802438796725,92.04019248724941,3753359644.0,498
2018-01-06,92.15870658476135,93.39172611810093,91.2305809271111,92.42607465948925,4109025815.0,498
2018-01-07,92.15870658476135,93.39172611810093,91.2305809271111,92.42607465948925,4109025815.0,498
2018-01-08,92.15870658476135,93.39172611810093,91.2305809271111,92.42607465948925,4109025815.0,498
2018-01-09,92.70891320123063,93.80580189578323,91.7861679431598,92.64931461514239,3730585925.0,498
2018-01-10,92.48748209800608,93.34482448987586,91.14688429852472,92.14691956933723,3814586977.0,498
2018-01-11,92.46672510189666,93.72874273530591,91.6002234778792,92.87337536505427,3533361761.0,498
2018-01-12,93.16248080705299,94.36511140540703,92.24211380054909,93.45203294045476,3719979047.0,498
2018-01-13,93.99120748355767,95.10724259014584,92.45410097725718,93.09649823085371,4545859477.0,498
2018-01-14,93.99120748355767,95.10724259014584,92.45410097725718,93.09649823085371,4545859477.0,498
2018-01-15,93.99120748355767,95.10724259014584,92.45410097725718,93.09649823085371,4545859477.0,498
2018-01-16,93.99120748355767,95.10724259014584,92.45410097725718,93.09649823085371,4545859477.0,498
2018-01-17,93.64533401046269,95.05664751170342,92.72571179299642,94.12969220019727,4232357382.0,498
2018-01-18,94.24654407978346,95.23828516513105,93.10875919244437,93.92779761911875,3948354386.0,498
2018-01-19,94.34230745099352,95.51411294153962,93.416495771285,94.63800246792147,4224558207.0,498
2018-01-20,94.7460941720539,95.79100530993377,93.61211645437302,94.96285842125674,3979265120.0,498
2018-01-21,94.7460941720539,95.79100530993377,93.61211645437302,94.96285842125674,3979265120.0,498
2018-01-22,94.7460941720539,95.79100530993377,93.61211645437302,94.96285842125674,3979265120.0,498
2018-01-23,95.21219698177535,96.40450815503758,94.17224394880698,95.25851880019927,3981154436.0,498
2018-01-24,95.64316111168942,96.74248754186202,94.2574750763351,95.26405211864227,4374915886.0,498
2018-01-25,95.37769766572656,96.57635939737459,93.79704515146956,94.98168333898107,4018865426.0,498
2018-01-26,95.38621079233047,96.63350716017541,94.06329103938388,95.6551696732341,4181565635.0,498
2018-01-27,95.5086231946005,96.55135034525028,94.10781379469766,94.80299385723819,4066728988.0,498
2018-01-28,95.5086231946005,96.55135034525028,94.10781379469766,94.80299385723819,4066728988.0,498
2018-01-29,95.5086231946005,96.55135034525028,94.10781379469766,94.80299385723819,4066728988.0,498
2018-01-30,94.19984015292438,95.56885112020576,92.7592970192397,94.11129363042762,4379461053.0,498
2018-01-31,94.74935486688396,95.90426978406677,93.05387746673398,94.0229769021153,4652046323.0,498
2018-02-01,93.7099818832575,95.42912055205277,92.49018438505395,93.74210551943645,4578303338.0,498
2018-02-02,93.30575264646842,94.34128390575977,91.443342676239,92.04844596778533,5178045077.0,498
2018-02-03,91.48846914412634,93.03477539148915,87.98819279962139,88.74499617929918,6343322420.0,498
2018-02-04,91.48846914412634,93.03477539148915,87.98819279962139,88.74499617929918,6343322420.0,498
2018-02-05,91.48846914412634,93.03477539148915,87.98819279962139,88.74499617929918,6343322420.0,498
2018-02-06,87.31906397819296,91.00431920012996,86.09583175881254,89.94519563875045,6828631881.0,498
2018-02-07,89.84373004824562,91.9150021886617,88.78266696056112,89.73888378641213,5237504226.0,498
2018-02-08,89.93765244374136,90.83097241902679,86.12282386257523,86.40365337822811,5967594585.0,498
2018-02-09,87.18012046665513,88.97079354947793,84.38290740023949,87.38853465361767,7164480788.0,498
2018-02-10,88.08908311508081,89.79101635183953,86.79602714858984,88.48600040549734,5189180541.0,498
2018-02-11,88.08908311508081,89.79101635183953,86.79602714858984,88.48600040549734,5189180541.0,498
2018-02-12,88.08908311508081,89.79101635183953,86.79602714858984,88.48600040549734,5189180541.0,498
2018-02-13,88.19675655009664,89.71659328374581,87.19535143375141,88.74566748989633,3994747117.0,498
2018-02-14,88.36739802452614,90.88494570878886,87.59630870058798,90.04786290533572,4685475984.0,498
2018-02-15,90.77607669225071,92.15980234412758,89.18616204305286,91.06296466201185,4394084257.0,498
2018-02-16,90.99863880935062,92.79572314053586,90.14838095303749,91.41389490538333,4378438732.0,498
2018-02-17,91.15876888322937,92.54491224852435,89.97562293302494,90.98183867107912,4361591320.0,498
2018-02-18,91.15876888322937,92.54491224852435,89.97562293302494,90.98183867107912,4361591320.0,498
2018-02-19,91.15876888322937,92.54491224852435,89.97562293302494,90.98183867107912,4361591320.0,498
2018-02-20,91.15876888322937,92.54491224852435,89.97562293302494,90.98183867107912,4361591320.0,498
2018-02-21,91.22187499376327,92.86673756496725,90.06487866953081,90.60941362955484,4569443796.0,498
2018-02-22,91.06797544578669,92.29229926752912,89.75339207684922,90.52338077648577,3887370673.0,498
2018-02-23,91.05503534266748,92.34831627686181,89.93433922445548,91.53742657153003,3609242122.0,498
2018-02-24,91.94936009936505,93.07977680539575,90.78840510666005,92.09874286062747,3877752927.0,498
2018-02-25,91.94936009936505,93.07977680539575,90.78840510666005,92.09874286062747,3877752927.0,498
2018-02-26,91.94936009936505,93.07977680539575,90.78840510666005,92.09874286062747,3877752927.0,498
2018-02-27,92.13840961979865,93.20248386730553,90.3894996749303,90.87672598558257,4158165814.0,498
2018-02-28,91.57051144171645,92.64317314860078,89.81698954181424,90.22748541257468,4426812672.0,498
2018-03-01,90.40188989026753,91.52013931736715,88.27495018336278,89.34243580926375,5251211053.0,498
2018-03-02,88.82323516207967,90.6623844106018,87.72425759507436,89.85222880308886,4661307993.0,498
2018-03-03,89.48569626276333,91.67147652323212,88.64082163775065,90.7935041435751,4142408619.0,498
2018-03-04,89.48569626276333,91.67147652323212,88.64082163775065,90.7935041435751,4142408619.0,498
2018-03-05,89.48569626276333,91.67147652323212,88.64082163775065,90.7935041435751,4142408619.0,498
2018-03-06,91.20967533673992,92.36125355104483,89.98270215625314,91.39232201174082,4036148473.0,498
2018-03-07,90.70351978855514,92.49600546715264,89.92518922998501,91.63479963651145,4076567028.0,498
2018-03-08,92.00584510433345,93.03225324427808,90.75947141782424,92.01393508719632,3697302883.0,498
2018-03-09,92.65755834390848,94.21292209601772,91.71459304022183,93.45495825910186,4021965509.0,498
2018-03-10,93.6796795069493,94.76151426828214,92.52289254227924,93.39502421966996,4180128637.0,498
2018-03-11,93.6796795069493,94.76151426828214,92.52289254227924,93.39502421966996,4180128637.0,498
2018-03-12,93.6796795069493,94.76151426828214,92.52289254227924,93.39502421966996,4180128637.0,498
2018-03-13,93.855038715015,94.8375164471832,92.34349383774692,93.07140663661153,4326150914.0,498
2018-03-14,93.51196098370404,94.26598534665649,91.8141007425749,92.61244547606472,3985557894.0,498
2018-03-15,92.89944330959963,93.84522034959262,91.66329436497362,92.50136910265229,3718647793.0,498
2018-03-16,92.74220665343333,93.95438932795058,91.83637530395742,92.87295443418036,5135314659.0,498
2018-03-17,92.66960530581125,93.5648990703606,90.97022805945558,92.11478887145299,4418745061.0,498
2018-03-18,92.66960530581125,93.5648990703606,90.97022805945558,92.11478887145299,4418745061.0,498
2018-03-19,92.66960530581125,93.5648990703606,90.97022805945558,92.11478887145299,4418745061.0,498
2018-03-20,92.37630876849566,93.6126948369927,91.35168679883009,92.29093221895187,3896304697.0,498
2018-03-21,92.42606335178023,93.7191612791428,91.39872619190521,92.22239078503536,3914711168.0,498
2018-03-22,91.56942396763633,92.72080207426394,89.67933624692112,90.10297647728977,4549263708.0,498
2018-03-23,90.49454922022876,91.5813928521539,88.13010998506087,88.54798527151705,4820352161.0,498
2018-03-24,89.85297638594722,91.41066842153553,88.54119144241022,90.65389905684444,4479729512.0,498
2018-03-25,89.85297638594722,91.41066842153553,88.54119144241022,90.65389905684444,4479729512.0,498
2018-03-26,89.85297638594722,91.41066842153553,88.54119144241022,90.65389905684444,4479729512.0,498
2018-03-27,91.05263578194618,91.94833614169778,88.45066021384918,89.31407093642706,5446831434.0,498
2018-03-28,89.49984279140841,90.68841409133648,87.95240515085813,89.01203572127714,5296654015.0,498
2018-03-29,89.52352705883476,91.36284945920468,88.28527034089052,89.73211475021868,4952651585.0,498
2018-03-30,89.92680273014555,90.76153381026377,86.94923642776133,88.21770392220662,5076885089.0,498
2018-03-31,89.92680273014555,90.76153381026377,86.94923642776133,88.21770392220662,5076885089.0,498
2018-04-01,89.92680273014555,90.76153381026377,86.94923642776133,88.21770392220662,5076885089.0,498
2018-04-02,89.92680273014555,90.76153381026377,86.94923642776133,88.21770392220662,5076885089.0,498
2018-04-03,88.76647440086577,90.14825031283598,87.53561969497255,89.27404750614281,4472335983.0,498
2018-04-04,88.13330854661022,91.03641021081977,87.39700913287366,90.33986118184515,4625846036.0,498
2018-04-05,90.93822022739568,92.17244505695852,89.84882244990719,90.97184620755743,4279644537.0,498
2018-04-06,90.35555346013939,91.40950712193934,88.11265058431555,89.0269302263796,4296634240.0,498
2018-04-07,89.67102430736172,91.1315358582966,88.62587125211972,89.23324876377382,3780015181.0,498
2018-04-08,89.67102430736172,91.1315358582966,88.62587125211972,89.23324876377382,3780015181.0,498
2018-04-09,89.67102430736172,91.1315358582966,88.62587125211972,89.23324876377382,3780015181.0,498
2018-04-10,90.38457294630543,91.62980221879722,89.30826059244595,90.49864943941913,4259123485.0,498
2018-04-11,90.09695407043158,91.39243189742312,89.12590642345515,89.93607078618314,3566403517.0,498
2018-04-12,90.43716080676103,91.60500855430716,89.40697013297213,90.27180332328422,3828648423.0,498
2018-04-13,90.88139656061438,91.57426620372354,89.28065154265572,90.09917436522174,3665496935.0,498
2018-04-14,90.78489167746028,91.96608571827068,89.77999760759256,90.84087079212847,3479122437.0,498
2018-04-15,90.78489167746028,91.96608571827068,89.77999760759256,90.84087079212847,3479122437.0,498
2018-04-16,90.78489167746028,91.96608571827068,89.77999760759256,90.84087079212847,3479122437.0,498
2018-04-17,91.54469915571393,92.93960111245597,90.5559531183094,91.9563583315137,3861359035.0,498
2018-04-18,92.34579510350433,93.51628301432939,91.3575440123711,92.25757499440128,3778400048.0,498
2018-04-19,92.40876102123858,93.25041513506942,90.52361191271157,91.68020371236955,4066017134.0,498
2018-04-20,91.89814547932849,92.71042103904813,90.2966136436849,91.03977600278624,4051717448.0,498
2018-04-21,91.31937739164862,92.37181777705376,90.08569522165372,90.98990748637172,3674226080.0,498
2018-04-22,91.31937739164862,92.37181777705376,90.08569522165372,90.98990748637172,3674226080.0,498
2018-04-23,91.31937739164862,92.37181777705376,90.08569522165372,90.98990748637172,3674226080.0,498
2018-04-24,91.39005400566671,92.46941768498407,88.76198019959627,89.79682774500675,4418442709.0,498
2018-04-25,89.79756795068734,91.07689491410918,88.31121451265895,90.001207171195,4269997208.0,498
2018-04-26,90.51109107936496,91.91383783629975,89.10394796088433,90.72715315186834,4709366875.0,498
2018-04-27,90.96510410830726,92.13483143112647,89.59510155235914,90.83977770901109,4095852594.0,498
2018-04-28,91.13837317965367,92.1387921576421,89.59393461623243,90.14054308550425,4063659116.0,498
2018-04-29,91.13837317965367,92.1387921576421,89.59393461623243,90.14054308550425,4063659116.0,498
2018-04-30,91.13837317965367,92.1387921576421,89.59393461623243,90.14054308550425,4063659116.0,498
2018-05-01,90.02926313649724,91.28765883744899,88.66376127726241,90.27922744205199,3797633172.0,498
2018-05-02,90.1570350839131,91.39842023067506,88.79384755121758,89.55046784805964,4091796500.0,498
2018-05-03,89.38321624207812,90.82633067644078,87.82428220621195,89.6524058195003,4388508829.0,498
2018-05-04,89.43301001962769,91.55838645977342,88.53249980557075,90.53903157548254,3820939025.0,498
2018-05-05,90.88198774731843,91.99734579198612,89.74956691473197,90.6866396196396,3992439241.0,498
2018-05-06,90.88198774731843,91.99734579198612,89.74956691473197,90.6866396196396,3992439241.0,498
2018-05-07,90.88198774731843,91.99734579198612,89.74956691473197,90.6866396196396,3992439241.0,498
2018-05-08,90.63617292242859,91.86486823266694,89.5738514854423,90.66047699288671,3848533070.0,498
2018-05-09,91.06143776070512,92.24075706341937,89.82264431617158,91.2266348815826,3986528390.0,498
2018-05-10,91.35039955717849,92.63458164295525,90.5355295526617,91.69938480327407,4070431740.0,498
2018-05-11,91.8564353055135,93.05838290056793,90.97341100627652,91.96632917099689,4314341130.0,498
2018-05-12,92.24940262423901,93.16193894416232,91.13369260085715,91.86325233576288,3654118252.0,498
2018-05-13,92.24940262423901,93.16193894416232,91.13369260085715,91.86325233576288,3654118252.0,498
2018-05-14,92.24940262423901,93.16193894416232,91.13369260085715,91.86325233576288,3654118252.0,498
2018-05-15,91.46449116594476,92.41811010044127,90.07198236270003,91.0472024798872,4266867649.0,498
2018-05-16,91.23055722650466,92.4564167754591,90.38421972431824,91.39512242801698,3651620543.0,498
2018-05-17,91.47532983030338,92.7160025867224,90.63993358971405,91.6510784166405,3628177253.0,498
2018-05-18,91.7625105840645,92.76904245919373,90.81263281606797,91.721457584316,3763944730.0,498
2018-05-19,92.33934627247777,93.50383760024636,91.4992786980856,92.4845100717851,3710017635.0,498
2018-05-20,92.33934627247777,93.50383760024636,91.4992786980856,92.4845100717851,3710017635.0,498
2018-05-21,92.33934627247777,93.50383760024636,91.4992786980856,92.4845100717851,3710017635.0,498
2018-05-22,92.80198597048154,93.60288434459775,91.24224246836013,91.77461512596253,3625484994.0,498
2018-05-23,91.47469415265017,92.9281528055017,90.64643385569967,92.18207974414749,3603862535.0,498
2018-05-24,92.24956411445638,93.22413353098234,91.07723760392626,92.21721131255828,3541797805.0,498
2018-05-25,92.20229922757872,93.40095703861826,91.36812054046513,92.2471750155989,3097735348.0,498
2018-05-26,91.82087390383894,92.90248143474564,90.44212411897072,91.54619185704304,3819192971.0,498
2018-05-27,91.82087390383894,92.90248143474564,90.44212411897072,91.54619185704304,3819192971.0,498
2018-05-28,91.82087390383894,92.90248143474564,90.44212411897072,91.54619185704304,3819192971.0,498
2018-05-29,91.82087390383894,92.90248143474564,90.44212411897072,91.54619185704304,3819192971.0,498
2018-05-30,92.07937934197234,93.51418488392251,91.20541915715421,92.56038374211414,3636860868.0,498
2018-05-31,92.60060838510225,93.42979468017013,91.11866071901649,91.7527778890717,4632627997.0,498
2018-06-01,92.36756533008783,93.65882626271781,91.52834002066412,92.64761781022251,3709538270.0,498
2018-06-02,93.02007286624367,94.1034092377241,92.04814333283916,93.06389514509453,3878283353.0,498
2018-06-03,93.02007286624367,94.1034092377241,92.04814333283916,93.06389514509453,3878283353.0,498
2018-06-04,93.02007286624367,94.1034092377241,92.04814333283916,93.06389514509453,3878283353.0,498
2018-06-05,93.16106353309114,94.24471375695927,92.27138739700246,93.2474886552397,3664137966.0,498
2018-06-06,93.55960812190631,94.75749082065266,92.50298203754498,94.03172839645401,3953421547.0,498
2018-06-07,94.25692873285786,95.21350102520752,92.88196020598076,93.91464533097295,3967949310.0,498
2018-06-08,93.9073515001105,95.21371894539342,93.09759379955638,94.50081055327112,3539295051.0,498
2018-06-09,94.69450941585343,95.77864610848243,93.72529016243081,94.55294150568874,3492841458.0,498
2018-06-10,94.69450941585343,95.77864610848243,93.72529016243081,94.55294150568874,3492841458.0,498
2018-06-11,94.69450941585343,95.77864610848243,93.72529016243081,94.55294150568874,3492841458.0,498
2018-06-12,94.8145564284389,95.93554887643283,93.82019571436075,94.93419606570738,3754162877.0,498
2018-06-13,95.17730883568761,96.05579586708038,93.69378349086097,94.33195467885719,4019948123.0,498
2018-06-14,94.73744992665743,95.78779290091184,93.664427746496,94.64200247626707,3970712538.0,498
2018-06-15,94.53386021360532,95.72766622020798,93.33456797615874,94.85449970438778,5344393079.0,498
2018-06-16,94.34392623301164,95.60484197995328,93.38939115556335,94.61856909114194,3739212851.0,498
2018-06-17,94.34392623301164,95.60484197995328,93.38939115556335,94.61856909114194,3739212851.0,498
2018-06-18,94.34392623301164,95.60484197995328,93.38939115556335,94.61856909114194,3739212851.0,498
2018-06-19,93.95958903263202,95.19323284685495,92.9569310539342,94.17514780056045,4278037101.0,498
2018-06-20,94.60467391621249,95.58062168400164,93.45112673714225,94.38623005798064,3737271302.0,498
2018-06-21,94.49942873843331,95.28019604919045,93.0041687107168,93.77642520268758,3773886948.0,498
2018-06-22,94.31347188598575,95.17550695413976,92.86756609343738,93.70631564716737,4495527801.0,498
2018-06-23,93.42347857418923,94.22069922999326,91.43503385010976,92.45110711563065,4495855610.0,498
2018-06-24,93.42347857418923,94.22069922999326,91.43503385010976,92.45110711563065,4495855610.0,498
2018-06-25,93.42347857418923,94.22069922999326,91.43503385010976,92.45110711563065,4495855610.0,498
2018-06-26,92.75061974689403,93.86190773401101,91.68994725968923,92.54993790268419,3902112974.0,498
2018-06-27,92.9052109345581,93.9610106701419,91.21984292386364,91.62844880421956,3949094101.0,498
2018-06-28,91.66554031967168,93.07133095979574,90.60706641690322,92.1598383374961,3794113059.0,498
2018-06-29,92.61532027496814,93.9082266723939,91.69384030747891,92.3254998501046,4137084562.0,498
2018-06-30,91.86341691302019,93.30135513584217,90.89637689816391,92.54493639651072,3612778230.0,498
2018-07-01,91.86341691302019,93.30135513584217,90.89637689816391,92.54493639651072,3612778230.0,498
2018-07-02,91.86341691302019,93.30135513584217,90.89637689816391,92.54493639651072,3612778230.0,498
2018-07-03,92.98070829077894,93.96303573800718,91.83690392054568,92.48804771134174,2666613471.0,498
2018-07-04,93.08625823545259,94.03403494487215,91.94145127267474,93.25249171113393,3448194338.0,498
2018-07-05,93.08625823545259,94.03403494487215,91.94145127267474,93.25249171113393,3448194338.0,498
